-- MySQL Script generated by MySQL Workbench
-- Mon Nov 20 13:38:50 2017
-- Model: New Model    Version: 1.0
-- MySQL Workbench Forward Engineering

SET @OLD_UNIQUE_CHECKS=@@UNIQUE_CHECKS, UNIQUE_CHECKS=0;
SET @OLD_FOREIGN_KEY_CHECKS=@@FOREIGN_KEY_CHECKS, FOREIGN_KEY_CHECKS=0;
SET @OLD_SQL_MODE=@@SQL_MODE, SQL_MODE='TRADITIONAL,ALLOW_INVALID_DATES';

-- -----------------------------------------------------
-- Schema eolms
-- -----------------------------------------------------
DROP SCHEMA IF EXISTS `eolms` ;

-- -----------------------------------------------------
-- Schema eolms
-- -----------------------------------------------------
CREATE SCHEMA IF NOT EXISTS `eolms` DEFAULT CHARACTER SET utf8 ;
USE `eolms` ;

-- -----------------------------------------------------
-- Table `eolms`.`assignments`
-- -----------------------------------------------------
CREATE TABLE IF NOT EXISTS `eolms`.`assignments` (
  `id` INT(11) NOT NULL AUTO_INCREMENT,
  `orgid` INT(11) NOT NULL,
  `name` VARCHAR(50) NULL DEFAULT NULL,
  `description` VARCHAR(45) NULL,
  `assisted` TINYINT(1) NULL DEFAULT NULL,
  PRIMARY KEY (`id`))
ENGINE = InnoDB
AUTO_INCREMENT = 7
DEFAULT CHARACTER SET = utf8;


-- -----------------------------------------------------
-- Table `eolms`.`content_types`
-- -----------------------------------------------------
CREATE TABLE IF NOT EXISTS `eolms`.`content_types` (
  `id` TINYINT NOT NULL AUTO_INCREMENT,
  `type` VARCHAR(20) NOT NULL,
  PRIMARY KEY (`id`))
ENGINE = InnoDB
AUTO_INCREMENT = 3
DEFAULT CHARACTER SET = utf8;


-- -----------------------------------------------------
-- Table `eolms`.`clients_assignments`
-- -----------------------------------------------------
CREATE TABLE IF NOT EXISTS `eolms`.`clients_assignments` (
  `id` INT(11) NOT NULL AUTO_INCREMENT,
  `clientid` INT(11) NOT NULL,
  `assignmentid` INT(11) NOT NULL,
  PRIMARY KEY (`id`))
ENGINE = InnoDB
AUTO_INCREMENT = 5
DEFAULT CHARACTER SET = utf8;


-- -----------------------------------------------------
-- Table `eolms`.`users`
-- -----------------------------------------------------
CREATE TABLE IF NOT EXISTS `eolms`.`users` (
  `id` INT(11) NOT NULL AUTO_INCREMENT,
  `password` VARCHAR(50) NOT NULL,
  `firstname` VARCHAR(50) NOT NULL,
  `lastname` VARCHAR(50) NOT NULL,
  `emailaddress` VARCHAR(80) NOT NULL,
  `orgnumber` VARCHAR(30) NULL DEFAULT NULL,
  `accountcreatedtime` TIMESTAMP NOT NULL DEFAULT CURRENT_TIMESTAMP ON UPDATE CURRENT_TIMESTAMP,
  `status` INT(11) NULL DEFAULT '0',
  PRIMARY KEY (`id`),
  UNIQUE INDEX `emailaddress` (`emailaddress` ASC))
ENGINE = InnoDB
AUTO_INCREMENT = 11
DEFAULT CHARACTER SET = utf8;


-- -----------------------------------------------------
-- Table `eolms`.`orgs`
-- -----------------------------------------------------
CREATE TABLE IF NOT EXISTS `eolms`.`orgs` (
  `id` INT(11) NOT NULL AUTO_INCREMENT,
  `orgname` VARCHAR(50) NOT NULL,
  `orgemail` VARCHAR(50) NULL DEFAULT NULL,
  PRIMARY KEY (`id`),
  UNIQUE INDEX `orgname` (`orgname` ASC))
ENGINE = InnoDB
AUTO_INCREMENT = 3
DEFAULT CHARACTER SET = utf8;


-- -----------------------------------------------------
-- Table `eolms`.`consultant_clients`
-- -----------------------------------------------------
CREATE TABLE IF NOT EXISTS `eolms`.`consultant_clients` (
  `id` INT(11) NOT NULL AUTO_INCREMENT,
  `orgid` INT(16) NOT NULL,
  `consultantid` INT(11) NOT NULL,
  `clientid` INT(11) NOT NULL,
  PRIMARY KEY (`id`),
  INDEX `fk_cc_orgid` (`orgid` ASC),
  INDEX `fk_cc_consultantid` (`consultantid` ASC),
  INDEX `fk_cc_clientid` (`clientid` ASC),
  CONSTRAINT `fk_cc_clientid`
    FOREIGN KEY (`clientid`)
    REFERENCES `eolms`.`users` (`id`),
  CONSTRAINT `fk_cc_consultantid`
    FOREIGN KEY (`consultantid`)
    REFERENCES `eolms`.`users` (`id`),
  CONSTRAINT `fk_cc_orgid`
    FOREIGN KEY (`orgid`)
    REFERENCES `eolms`.`orgs` (`id`))
ENGINE = InnoDB
AUTO_INCREMENT = 6
DEFAULT CHARACTER SET = utf8;


-- -----------------------------------------------------
-- Table `eolms`.`message`
-- -----------------------------------------------------
CREATE TABLE IF NOT EXISTS `eolms`.`message` (
  `id` INT(11) NOT NULL AUTO_INCREMENT,
  `status` VARCHAR(20) NOT NULL DEFAULT 'UNREAD',
  `fromid` INT(11) NOT NULL,
  `toid` INT(11) NOT NULL,
  `subject` VARCHAR(50) NULL DEFAULT NULL,
  `message` VARCHAR(200) NOT NULL DEFAULT 'No message.',
  `createdate` DATETIME NOT NULL DEFAULT '2017-10-01 00:00:00',
  `timezone` VARCHAR(12) NOT NULL DEFAULT 'EST',
  PRIMARY KEY (`id`),
  INDEX `fk_message_fromid` (`fromid` ASC),
  INDEX `fk_message_toid` (`toid` ASC),
  CONSTRAINT `fk_message_fromid`
    FOREIGN KEY (`fromid`)
    REFERENCES `eolms`.`users` (`id`)
    ON DELETE CASCADE,
  CONSTRAINT `fk_message_toid`
    FOREIGN KEY (`toid`)
    REFERENCES `eolms`.`users` (`id`)
    ON DELETE CASCADE)
ENGINE = InnoDB
AUTO_INCREMENT = 13
DEFAULT CHARACTER SET = utf8;


-- -----------------------------------------------------
-- Table `eolms`.`notifications`
-- -----------------------------------------------------
CREATE TABLE IF NOT EXISTS `eolms`.`notifications` (
  `ID` INT(11) NOT NULL AUTO_INCREMENT,
  `orgid` INT(11) NOT NULL,
  `createdbyid` INT(11) NOT NULL,
  `subject` VARCHAR(80) NOT NULL,
  `note` VARCHAR(200) NOT NULL,
  `startdate` DATETIME NOT NULL DEFAULT '2017-09-01 00:00:00',
  `expirydate` DATETIME NOT NULL DEFAULT '2017-09-01 00:00:00',
  `timezone` VARCHAR(12) NOT NULL DEFAULT 'EST',
  PRIMARY KEY (`ID`),
  INDEX `fk_notifications_orgid` (`orgid` ASC),
  INDEX `fk_notifications_createdbyid` (`createdbyid` ASC),
  CONSTRAINT `fk_notifications_createdbyid`
    FOREIGN KEY (`createdbyid`)
    REFERENCES `eolms`.`users` (`id`)
    ON DELETE CASCADE,
  CONSTRAINT `fk_notifications_orgid`
    FOREIGN KEY (`orgid`)
    REFERENCES `eolms`.`orgs` (`id`)
    ON DELETE CASCADE)
ENGINE = InnoDB
AUTO_INCREMENT = 5
DEFAULT CHARACTER SET = utf8;


-- -----------------------------------------------------
-- Table `eolms`.`permissions`
-- -----------------------------------------------------
CREATE TABLE IF NOT EXISTS `eolms`.`permissions` (
  `id` INT(11) NOT NULL AUTO_INCREMENT,
  `permission` VARCHAR(50) NOT NULL DEFAULT 'user',
  PRIMARY KEY (`id`),
  UNIQUE INDEX `permission` (`permission` ASC))
ENGINE = InnoDB
AUTO_INCREMENT = 5
DEFAULT CHARACTER SET = utf8;


-- -----------------------------------------------------
-- Table `eolms`.`org_user_permissions`
-- -----------------------------------------------------
CREATE TABLE IF NOT EXISTS `eolms`.`org_user_permissions` (
  `id` INT(11) NOT NULL AUTO_INCREMENT,
  `orgid` INT(16) NOT NULL,
  `userid` INT(11) NOT NULL,
  `permissionid` INT(11) NOT NULL,
  PRIMARY KEY (`id`),
  INDEX `fk_oup_orgid` (`orgid` ASC),
  INDEX `fk_oup_userid` (`userid` ASC),
  INDEX `fk_oup_permissionid` (`permissionid` ASC),
  CONSTRAINT `fk_oup_orgid`
    FOREIGN KEY (`orgid`)
    REFERENCES `eolms`.`orgs` (`id`),
  CONSTRAINT `fk_oup_permissionid`
    FOREIGN KEY (`permissionid`)
    REFERENCES `eolms`.`permissions` (`id`),
  CONSTRAINT `fk_oup_userid`
    FOREIGN KEY (`userid`)
    REFERENCES `eolms`.`users` (`id`))
ENGINE = InnoDB
AUTO_INCREMENT = 13
DEFAULT CHARACTER SET = utf8;


-- -----------------------------------------------------
-- Table `eolms`.`resources`
-- -----------------------------------------------------
CREATE TABLE IF NOT EXISTS `eolms`.`resources` (
  `id` INT(11) NOT NULL AUTO_INCREMENT,
  `name` VARCHAR(20) NULL DEFAULT NULL,
  `resource` MEDIUMBLOB NULL DEFAULT NULL,
  `ext` VARCHAR(20) NULL DEFAULT NULL,
  PRIMARY KEY (`id`))
ENGINE = InnoDB
DEFAULT CHARACTER SET = utf8;


-- -----------------------------------------------------
-- Table `eolms`.`orgs_resources`
-- -----------------------------------------------------
CREATE TABLE IF NOT EXISTS `eolms`.`orgs_resources` (
  `id` INT(11) NOT NULL AUTO_INCREMENT,
  `orgid` INT(11) NOT NULL,
  `resourceid` INT(11) NOT NULL,
  PRIMARY KEY (`id`),
  INDEX `fk_orgresid` (`orgid` ASC),
  INDEX `fk_resourcesid` (`resourceid` ASC),
  CONSTRAINT `fk_orgresid`
    FOREIGN KEY (`orgid`)
    REFERENCES `eolms`.`orgs` (`id`),
  CONSTRAINT `fk_resourcesid`
    FOREIGN KEY (`resourceid`)
    REFERENCES `eolms`.`resources` (`id`))
ENGINE = InnoDB
DEFAULT CHARACTER SET = utf8;


-- -----------------------------------------------------
-- Table `eolms`.`content_items`
-- -----------------------------------------------------
CREATE TABLE IF NOT EXISTS `eolms`.`content_items` (
  `id` INT(11) NOT NULL AUTO_INCREMENT,
  `name` VARCHAR(100) NULL,
  `description` VARCHAR(100) NULL,
  `typeid` INT(11) NOT NULL,
  PRIMARY KEY (`id`))
ENGINE = InnoDB
AUTO_INCREMENT = 3
DEFAULT CHARACTER SET = utf8;


-- -----------------------------------------------------
-- Table `eolms`.`assignment_sequences`
-- -----------------------------------------------------
CREATE TABLE IF NOT EXISTS `eolms`.`assignment_sequences` (
  `id` INT(11) NOT NULL AUTO_INCREMENT,
  `assignmentid` INT(11) NOT NULL,
  `contentid` INT(11) NOT NULL,
  `sequencenum` INT(11) NULL DEFAULT 0,
  PRIMARY KEY (`id`))
ENGINE = InnoDB;


-- -----------------------------------------------------
-- Table `eolms`.`client_sequence_progress`
-- -----------------------------------------------------
CREATE TABLE IF NOT EXISTS `eolms`.`client_sequence_progress` (
  `id` INT(11) NOT NULL AUTO_INCREMENT,
  `clientassignmentid` INT(11) NOT NULL,
  `sequenceid` INT(11) NOT NULL,
  `results` INT(11) NULL DEFAULT 0,
  `completed` BIT(1) NULL,
  PRIMARY KEY (`id`))
ENGINE = InnoDB;


-- -----------------------------------------------------
-- Table `eolms`.`client_sequence_usage`
-- -----------------------------------------------------
CREATE TABLE IF NOT EXISTS `eolms`.`client_sequence_usage` (
  `id` INT(11) NOT NULL AUTO_INCREMENT,
  `clientsequenceid` INT(11) NOT NULL,
  `starttime` DATETIME NOT NULL DEFAULT '2017-10-01 00:00:00',
  `stoptime` DATETIME NOT NULL DEFAULT '2017-10-01 00:00:00',
  `durationinseconds` INT(11) NOT NULL DEFAULT 0,
  PRIMARY KEY (`id`))
ENGINE = InnoDB
AUTO_INCREMENT = 5
DEFAULT CHARACTER SET = utf8;


-- -----------------------------------------------------
-- Table `eolms`.`videos`
-- -----------------------------------------------------
CREATE TABLE IF NOT EXISTS `eolms`.`videos` (
  `contentid` INT(11) NOT NULL,
  `videoid` VARCHAR(45) NOT NULL,
  `videoproviderurl` VARCHAR(45) NOT NULL,
  PRIMARY KEY (`contentid`))
ENGINE = InnoDB;


-- -----------------------------------------------------
-- Table `eolms`.`exams`
-- -----------------------------------------------------
CREATE TABLE IF NOT EXISTS `eolms`.`exams` (
  `contentid` INT(11) NOT NULL,
  `examservleturl` VARCHAR(45) NULL,
  PRIMARY KEY (`contentid`),
  CONSTRAINT `fk_e_contentid`
    FOREIGN KEY (`contentid`)
    REFERENCES `eolms`.`content_items` (`id`)
    ON DELETE NO ACTION
    ON UPDATE CASCADE)
ENGINE = InnoDB;


-- -----------------------------------------------------
-- Table `eolms`.`org_content_items`
-- -----------------------------------------------------
CREATE TABLE IF NOT EXISTS `eolms`.`org_content_items` (
  `id` INT(11) NOT NULL,
  `orgid` INT(11) NOT NULL,
  `contentitemid` INT(11) NOT NULL,
  PRIMARY KEY (`id`))
ENGINE = InnoDB;


SET SQL_MODE=@OLD_SQL_MODE;
SET FOREIGN_KEY_CHECKS=@OLD_FOREIGN_KEY_CHECKS;
SET UNIQUE_CHECKS=@OLD_UNIQUE_CHECKS;

-- -----------------------------------------------------
-- Data for table `eolms`.`assignments`
-- -----------------------------------------------------
START TRANSACTION;
USE `eolms`;
INSERT INTO `eolms`.`assignments` (`id`, `orgid`, `name`, `description`, `assisted`) VALUES (1, DEFAULT, 'EO - Assisted Video 1', NULL, 1);
INSERT INTO `eolms`.`assignments` (`id`, `orgid`, `name`, `description`, `assisted`) VALUES (2, DEFAULT, 'EO - Assisted Video 2', NULL, 1);
INSERT INTO `eolms`.`assignments` (`id`, `orgid`, `name`, `description`, `assisted`) VALUES (3, DEFAULT, 'EO - Other Video 3', NULL, 0);
INSERT INTO `eolms`.`assignments` (`id`, `orgid`, `name`, `description`, `assisted`) VALUES (4, DEFAULT, 'GJ - Other Video 4', NULL, 0);
INSERT INTO `eolms`.`assignments` (`id`, `orgid`, `name`, `description`, `assisted`) VALUES (5, DEFAULT, 'GJ - Other Video 5', NULL, 0);
INSERT INTO `eolms`.`assignments` (`id`, `orgid`, `name`, `description`, `assisted`) VALUES (6, DEFAULT, 'GJ - Other Exam 6', NULL, 0);

COMMIT;


-- -----------------------------------------------------
-- Data for table `eolms`.`content_types`
-- -----------------------------------------------------
START TRANSACTION;
USE `eolms`;
INSERT INTO `eolms`.`content_types` (`id`, `type`) VALUES (1, 'VIDEO');
INSERT INTO `eolms`.`content_types` (`id`, `type`) VALUES (2, 'QUIZ');
INSERT INTO `eolms`.`content_types` (`id`, `type`) VALUES (3, 'EXAM');
INSERT INTO `eolms`.`content_types` (`id`, `type`) VALUES (4, 'OTHER');

COMMIT;


-- -----------------------------------------------------
-- Data for table `eolms`.`clients_assignments`
-- -----------------------------------------------------
START TRANSACTION;
USE `eolms`;
INSERT INTO `eolms`.`clients_assignments` (`id`, `clientid`, `assignmentid`) VALUES (1, 1, 1);
INSERT INTO `eolms`.`clients_assignments` (`id`, `clientid`, `assignmentid`) VALUES (2, 1, 2);
INSERT INTO `eolms`.`clients_assignments` (`id`, `clientid`, `assignmentid`) VALUES (3, 8, 4);
INSERT INTO `eolms`.`clients_assignments` (`id`, `clientid`, `assignmentid`) VALUES (4, 9, 4);

COMMIT;


-- -----------------------------------------------------
-- Data for table `eolms`.`users`
-- -----------------------------------------------------
START TRANSACTION;
USE `eolms`;
INSERT INTO `eolms`.`users` (`id`, `password`, `firstname`, `lastname`, `emailaddress`, `orgnumber`, `accountcreatedtime`, `status`) VALUES (1, 'f7a9e24777ec23212c54d7a350bc5bea5477fdbb', 'Gussie', 'Fink-Nottle', 'nb@100.com', '12345', '2017-11-19 09:36:35', 0);
INSERT INTO `eolms`.`users` (`id`, `password`, `firstname`, `lastname`, `emailaddress`, `orgnumber`, `accountcreatedtime`, `status`) VALUES (2, 'f7a9e24777ec23212c54d7a350bc5bea5477fdbb', 'Ayman', 'Admin', 'offadmin@100.com', '67890', '2017-11-19 09:36:35', 0);
INSERT INTO `eolms`.`users` (`id`, `password`, `firstname`, `lastname`, `emailaddress`, `orgnumber`, `accountcreatedtime`, `status`) VALUES (3, 'f7a9e24777ec23212c54d7a350bc5bea5477fdbb', 'Connie', 'Sultant', 'consultant@100.com', '201726', '2017-11-19 09:36:35', 0);
INSERT INTO `eolms`.`users` (`id`, `password`, `firstname`, `lastname`, `emailaddress`, `orgnumber`, `accountcreatedtime`, `status`) VALUES (4, '70ccd9007338d6d81dd3b6271621b9cf9a97ea00', 'super', 'administrator', 'admin@100.com', 'NULL', '2017-11-19 09:36:35', 0);
INSERT INTO `eolms`.`users` (`id`, `password`, `firstname`, `lastname`, `emailaddress`, `orgnumber`, `accountcreatedtime`, `status`) VALUES (5, 'f7a9e24777ec23212c54d7a350bc5bea5477fdbb', 'Arnold', 'Punter', 'ap@100.com', '201778683', '2017-11-19 09:36:35', 0);
INSERT INTO `eolms`.`users` (`id`, `password`, `firstname`, `lastname`, `emailaddress`, `orgnumber`, `accountcreatedtime`, `status`) VALUES (6, 'f7a9e24777ec23212c54d7a350bc5bea5477fdbb', 'Bart', 'Boss', 'bb@100.com', '201726772', '2017-11-19 09:36:35', 0);
INSERT INTO `eolms`.`users` (`id`, `password`, `firstname`, `lastname`, `emailaddress`, `orgnumber`, `accountcreatedtime`, `status`) VALUES (7, 'f7a9e24777ec23212c54d7a350bc5bea5477fdbb', 'Fred', 'Foreman', 'ff@100.com', '201726736', '2017-11-19 09:36:35', 0);
INSERT INTO `eolms`.`users` (`id`, `password`, `firstname`, `lastname`, `emailaddress`, `orgnumber`, `accountcreatedtime`, `status`) VALUES (8, 'f7a9e24777ec23212c54d7a350bc5bea5477fdbb', 'Manual', 'Labourer', 'ml@100.com', '201752267', '2017-11-19 09:36:35', 0);
INSERT INTO `eolms`.`users` (`id`, `password`, `firstname`, `lastname`, `emailaddress`, `orgnumber`, `accountcreatedtime`, `status`) VALUES (9, 'f7a9e24777ec23212c54d7a350bc5bea5477fdbb', 'Handy', 'Manny', 'hm@100.com', '201752267', '2017-11-19 09:36:35', 0);
INSERT INTO `eolms`.`users` (`id`, `password`, `firstname`, `lastname`, `emailaddress`, `orgnumber`, `accountcreatedtime`, `status`) VALUES (10, 'f7a9e24777ec23212c54d7a350bc5bea5477fdbb', 'Hugh', 'New', 'hu@100.com', '201762948', '2017-11-19 09:36:35', 0);

COMMIT;


-- -----------------------------------------------------
-- Data for table `eolms`.`orgs`
-- -----------------------------------------------------
START TRANSACTION;
USE `eolms`;
INSERT INTO `eolms`.`orgs` (`id`, `orgname`, `orgemail`) VALUES (1, 'EmploymentON', 'manager@employmenton.on.ca');
INSERT INTO `eolms`.`orgs` (`id`, `orgname`, `orgemail`) VALUES (2, 'GruntJobsON', 'manager@gruntjobs.on.ca');

COMMIT;


-- -----------------------------------------------------
-- Data for table `eolms`.`consultant_clients`
-- -----------------------------------------------------
START TRANSACTION;
USE `eolms`;
INSERT INTO `eolms`.`consultant_clients` (`id`, `orgid`, `consultantid`, `clientid`) VALUES (1, 1, 1, 1);
INSERT INTO `eolms`.`consultant_clients` (`id`, `orgid`, `consultantid`, `clientid`) VALUES (2, 1, 1, 2);
INSERT INTO `eolms`.`consultant_clients` (`id`, `orgid`, `consultantid`, `clientid`) VALUES (3, 2, 8, 4);
INSERT INTO `eolms`.`consultant_clients` (`id`, `orgid`, `consultantid`, `clientid`) VALUES (4, 2, 9, 4);

COMMIT;


-- -----------------------------------------------------
-- Data for table `eolms`.`message`
-- -----------------------------------------------------
START TRANSACTION;
USE `eolms`;
INSERT INTO `eolms`.`message` (`id`, `status`, `fromid`, `toid`, `subject`, `message`, `createdate`, `timezone`) VALUES (1, 'UNREAD', 1, 3, 'This is a test Subject 1', 'This is a test message from the database to be shown to the Consultant from Client', '2017-10-02 09:10:00', 'EST');
INSERT INTO `eolms`.`message` (`id`, `status`, `fromid`, `toid`, `subject`, `message`, `createdate`, `timezone`) VALUES (2, 'UNREAD', 3, 1, 'This is a test Subject 2', 'This is a test message 2 for Client from Consultant', '2017-10-03 11:13:01', 'EST');
INSERT INTO `eolms`.`message` (`id`, `status`, `fromid`, `toid`, `subject`, `message`, `createdate`, `timezone`) VALUES (3, 'UNREAD', 3, 1, 'This is a test Subject 3', 'This is a test message 3 for Client from Consultant', '2017-10-04 12:15:04', 'EST');
INSERT INTO `eolms`.`message` (`id`, `status`, `fromid`, `toid`, `subject`, `message`, `createdate`, `timezone`) VALUES (4, 'UNREAD', 3, 1, 'This is a test Subject 4', 'This is a test message 4 for Client from Consultant', '2017-10-05 13:17:09', 'EST');
INSERT INTO `eolms`.`message` (`id`, `status`, `fromid`, `toid`, `subject`, `message`, `createdate`, `timezone`) VALUES (5, 'UNREAD', 3, 1, 'This is a test Subject 5', 'This is a test message 5 for Client from Consultant', '2017-10-10 14:19:16', 'EST');
INSERT INTO `eolms`.`message` (`id`, `status`, `fromid`, `toid`, `subject`, `message`, `createdate`, `timezone`) VALUES (6, 'UNREAD', 1, 3, 'This is a test Subject 6', 'This is a test message 2 from the database to be shown to the Consultant from Client', '2017-10-11 15:21:25', 'EST');
INSERT INTO `eolms`.`message` (`id`, `status`, `fromid`, `toid`, `subject`, `message`, `createdate`, `timezone`) VALUES (7, 'UNREAD', 1, 3, 'This is a test Subject 7', 'This is a test message 7 from the database to be shown to the Consultant from Client', '2017-10-12 16:23:36', 'EST');
INSERT INTO `eolms`.`message` (`id`, `status`, `fromid`, `toid`, `subject`, `message`, `createdate`, `timezone`) VALUES (8, 'UNREAD', 1, 3, 'This is a test Subject 8', 'This is a test message 8 from the database to be shown to the Consultant from Client', '2017-10-13 09:25:49', 'EST');
INSERT INTO `eolms`.`message` (`id`, `status`, `fromid`, `toid`, `subject`, `message`, `createdate`, `timezone`) VALUES (9, 'UNREAD', 10, 8, 'This is a test Subject 9s', 'This is a test message 9 sent from the consultant Hugh to client Manual', '2017-10-16 10:28:04', 'EST');
INSERT INTO `eolms`.`message` (`id`, `status`, `fromid`, `toid`, `subject`, `message`, `createdate`, `timezone`) VALUES (10, 'UNREAD', 8, 10, 'This is a test Subject 9r', 'This is a test message 9 reply from the client Manual to consultant Hugh', '2017-10-17 11:33:21', 'EST');
INSERT INTO `eolms`.`message` (`id`, `status`, `fromid`, `toid`, `subject`, `message`, `createdate`, `timezone`) VALUES (11, 'UNREAD', 3, 5, 'This is a test Subject 10s', 'This is a test message 10 sent from the consultant Connie to client Arnold', '2017-10-18 12:39:40', 'EST');
INSERT INTO `eolms`.`message` (`id`, `status`, `fromid`, `toid`, `subject`, `message`, `createdate`, `timezone`) VALUES (12, 'UNREAD', 5, 3, 'This is a test Subject 10r', 'This is a test message 10 reply from the client Arnold to consultant Connie', '2017-10-19 13:48:01', 'EST');

COMMIT;


-- -----------------------------------------------------
-- Data for table `eolms`.`notifications`
-- -----------------------------------------------------
START TRANSACTION;
USE `eolms`;
INSERT INTO `eolms`.`notifications` (`ID`, `orgid`, `createdbyid`, `subject`, `note`, `startdate`, `expirydate`, `timezone`) VALUES (1, 1, 2, 'Fall hours', 'Office hours for the Fall are from 9:00 until 16:30.', '2017-09-22 00:00:00', '2017-12-20 23:59:59', 'EST');
INSERT INTO `eolms`.`notifications` (`ID`, `orgid`, `createdbyid`, `subject`, `note`, `startdate`, `expirydate`, `timezone`) VALUES (2, 1, 2, 'Thanksgiving', 'Office is closed on Thanksgiving Day.', '2017-10-09 00:00:00', '2017-10-09 23:59:59', 'EST');
INSERT INTO `eolms`.`notifications` (`ID`, `orgid`, `createdbyid`, `subject`, `note`, `startdate`, `expirydate`, `timezone`) VALUES (3, 1, 2, 'Remembrance Day', 'Don\'t forget Remembrance Day on Saturday.', '2017-11-11 00:00:00', '2017-11-11 23:59:59', 'EST');
INSERT INTO `eolms`.`notifications` (`ID`, `orgid`, `createdbyid`, `subject`, `note`, `startdate`, `expirydate`, `timezone`) VALUES (4, 2, 6, 'Christmas', 'No work on Christmas Day.', '2017-12-25 00:00:00', '2017-12-25 23:59:59', 'EST');

COMMIT;


-- -----------------------------------------------------
-- Data for table `eolms`.`permissions`
-- -----------------------------------------------------
START TRANSACTION;
USE `eolms`;
INSERT INTO `eolms`.`permissions` (`id`, `permission`) VALUES (4, 'ADMINISTRATOR');
INSERT INTO `eolms`.`permissions` (`id`, `permission`) VALUES (1, 'CLIENT');
INSERT INTO `eolms`.`permissions` (`id`, `permission`) VALUES (2, 'CONSULTANT');
INSERT INTO `eolms`.`permissions` (`id`, `permission`) VALUES (3, 'OFFICE_ADMIN');

COMMIT;


-- -----------------------------------------------------
-- Data for table `eolms`.`org_user_permissions`
-- -----------------------------------------------------
START TRANSACTION;
USE `eolms`;
INSERT INTO `eolms`.`org_user_permissions` (`id`, `orgid`, `userid`, `permissionid`) VALUES (1, 1, 1, 1);
INSERT INTO `eolms`.`org_user_permissions` (`id`, `orgid`, `userid`, `permissionid`) VALUES (2, 1, 3, 2);
INSERT INTO `eolms`.`org_user_permissions` (`id`, `orgid`, `userid`, `permissionid`) VALUES (3, 1, 2, 3);
INSERT INTO `eolms`.`org_user_permissions` (`id`, `orgid`, `userid`, `permissionid`) VALUES (4, 1, 4, 4);
INSERT INTO `eolms`.`org_user_permissions` (`id`, `orgid`, `userid`, `permissionid`) VALUES (5, 1, 5, 1);
INSERT INTO `eolms`.`org_user_permissions` (`id`, `orgid`, `userid`, `permissionid`) VALUES (6, 2, 6, 3);
INSERT INTO `eolms`.`org_user_permissions` (`id`, `orgid`, `userid`, `permissionid`) VALUES (7, 1, 8, 1);
INSERT INTO `eolms`.`org_user_permissions` (`id`, `orgid`, `userid`, `permissionid`) VALUES (8, 2, 8, 1);
INSERT INTO `eolms`.`org_user_permissions` (`id`, `orgid`, `userid`, `permissionid`) VALUES (9, 2, 9, 1);
INSERT INTO `eolms`.`org_user_permissions` (`id`, `orgid`, `userid`, `permissionid`) VALUES (10, 2, 7, 2);
INSERT INTO `eolms`.`org_user_permissions` (`id`, `orgid`, `userid`, `permissionid`) VALUES (11, 1, 10, 2);
INSERT INTO `eolms`.`org_user_permissions` (`id`, `orgid`, `userid`, `permissionid`) VALUES (12, 1, 10, 3);

COMMIT;


-- -----------------------------------------------------
-- Data for table `eolms`.`content_items`
-- -----------------------------------------------------
START TRANSACTION;
USE `eolms`;
INSERT INTO `eolms`.`content_items` (`id`, `name`, `description`, `typeid`) VALUES (1, 'EO - Assisted Video 1', 'NULL', 1);
INSERT INTO `eolms`.`content_items` (`id`, `name`, `description`, `typeid`) VALUES (2, 'EO - Assisted Video 2', 'NULL', 1);
INSERT INTO `eolms`.`content_items` (`id`, `name`, `description`, `typeid`) VALUES (3, 'EO - Other Video 3', 'NULL', 1);
INSERT INTO `eolms`.`content_items` (`id`, `name`, `description`, `typeid`) VALUES (4, 'GJ - Other Video 4', 'NULL', 1);
INSERT INTO `eolms`.`content_items` (`id`, `name`, `description`, `typeid`) VALUES (5, 'GJ - Other Video 5', 'NULL', 1);
INSERT INTO `eolms`.`content_items` (`id`, `name`, `description`, `typeid`) VALUES (6, 'GJ - Other Exam 6', 'NULL', 3);

COMMIT;


-- -----------------------------------------------------
-- Data for table `eolms`.`assignment_sequences`
-- -----------------------------------------------------
START TRANSACTION;
USE `eolms`;
INSERT INTO `eolms`.`assignment_sequences` (`id`, `assignmentid`, `contentid`, `sequencenum`) VALUES (1, 1, 1, 0);
INSERT INTO `eolms`.`assignment_sequences` (`id`, `assignmentid`, `contentid`, `sequencenum`) VALUES (2, 2, 2, 0);
INSERT INTO `eolms`.`assignment_sequences` (`id`, `assignmentid`, `contentid`, `sequencenum`) VALUES (3, 3, 3, 0);
INSERT INTO `eolms`.`assignment_sequences` (`id`, `assignmentid`, `contentid`, `sequencenum`) VALUES (4, 4, 4, 0);
INSERT INTO `eolms`.`assignment_sequences` (`id`, `assignmentid`, `contentid`, `sequencenum`) VALUES (5, 5, 5, 0);
INSERT INTO `eolms`.`assignment_sequences` (`id`, `assignmentid`, `contentid`, `sequencenum`) VALUES (6, 6, 6, 0);

COMMIT;


-- -----------------------------------------------------
-- Data for table `eolms`.`client_sequence_progress`
-- -----------------------------------------------------
START TRANSACTION;
USE `eolms`;
INSERT INTO `eolms`.`client_sequence_progress` (`id`, `clientassignmentid`, `sequenceid`, `results`, `completed`) VALUES (1, 1, 1, 0, NULL);
INSERT INTO `eolms`.`client_sequence_progress` (`id`, `clientassignmentid`, `sequenceid`, `results`, `completed`) VALUES (2, 2, 2, 0, NULL);

COMMIT;


-- -----------------------------------------------------
-- Data for table `eolms`.`client_sequence_usage`
-- -----------------------------------------------------
START TRANSACTION;
USE `eolms`;
INSERT INTO `eolms`.`client_sequence_usage` (`id`, `clientsequenceid`, `starttime`, `stoptime`, `durationinseconds`) VALUES (1, 1, DEFAULT, DEFAULT, DEFAULT);

COMMIT;


-- -----------------------------------------------------
-- Data for table `eolms`.`videos`
-- -----------------------------------------------------
START TRANSACTION;
USE `eolms`;
INSERT INTO `eolms`.`videos` (`contentid`, `videoid`, `videoproviderurl`) VALUES (1, 'eybc5xh2oe', 'https://fast.wistia.com/embed/medias/');
INSERT INTO `eolms`.`videos` (`contentid`, `videoid`, `videoproviderurl`) VALUES (2, 'eybc5xh2oe', 'https://fast.wistia.com/embed/medias/');
INSERT INTO `eolms`.`videos` (`contentid`, `videoid`, `videoproviderurl`) VALUES (3, 'eybc5xh2oe', 'https://fast.wistia.com/embed/medias/');
INSERT INTO `eolms`.`videos` (`contentid`, `videoid`, `videoproviderurl`) VALUES (4, 'eybc5xh2oe', 'https://fast.wistia.com/embed/medias/');
INSERT INTO `eolms`.`videos` (`contentid`, `videoid`, `videoproviderurl`) VALUES (5, 'eybc5xh2oe', 'https://fast.wistia.com/embed/medias/');

COMMIT;


-- -----------------------------------------------------
-- Data for table `eolms`.`org_content_items`
-- -----------------------------------------------------
START TRANSACTION;
USE `eolms`;
INSERT INTO `eolms`.`org_content_items` (`id`, `orgid`, `contentitemid`) VALUES (1, 1, 1);
INSERT INTO `eolms`.`org_content_items` (`id`, `orgid`, `contentitemid`) VALUES (2, 1, 2);
INSERT INTO `eolms`.`org_content_items` (`id`, `orgid`, `contentitemid`) VALUES (3, 1, 3);
INSERT INTO `eolms`.`org_content_items` (`id`, `orgid`, `contentitemid`) VALUES (4, 1, 4);
INSERT INTO `eolms`.`org_content_items` (`id`, `orgid`, `contentitemid`) VALUES (5, 1, 5);
INSERT INTO `eolms`.`org_content_items` (`id`, `orgid`, `contentitemid`) VALUES (6, 1, 6);

COMMIT;

